{
  "noise_ratio": 0.3,
  "test_accuracy": 0.9298245614035088,
  "train_accuracy": 0.9846153846153847,
  "features_used": [
    "area1",
    "area3",
    "compactness1",
    "compactness2",
    "compactness3",
    "concave_points1",
    "concave_points2",
    "concavity1",
    "concavity3",
    "fractal_dimension2",
    "perimeter2",
    "perimeter3",
    "radius1",
    "radius3",
    "smoothness3",
    "texture1",
    "texture3"
  ],
  "num_features_used": 17,
  "feature_importances": {
    "radius1": 0.4426689137353554,
    "texture1": 0.009886674835285223,
    "area1": 0.025363331470095014,
    "compactness1": 0.010168492770505128,
    "concavity1": 0.028902456734510456,
    "concave_points1": 0.006100602847749363,
    "perimeter2": 0.015809137573181982,
    "compactness2": 0.0029346003353828936,
    "concave_points2": 0.007336500838457239,
    "fractal_dimension2": 0.01655415573805736,
    "radius3": 0.08329107558683034,
    "texture3": 0.015651201788708775,
    "perimeter3": 0.21787184308145746,
    "area3": 0.031528774415812484,
    "smoothness3": 0.0040017277300675854,
    "compactness3": 0.023057574063722754,
    "concavity3": 0.05887293645482064
  }
}