{
  "noise_ratio": 0.5,
  "weight_threshold": 0.01,
  "test_accuracy": 0.9385964912280702,
  "train_accuracy": 1.0,
  "features_used": [
    "area1",
    "area2",
    "area3",
    "compactness1",
    "compactness2",
    "compactness3",
    "concave_points1",
    "concave_points2",
    "concave_points3",
    "concavity1",
    "concavity2",
    "concavity3",
    "fractal_dimension1",
    "fractal_dimension2",
    "fractal_dimension3",
    "perimeter1",
    "perimeter2",
    "perimeter3",
    "radius1",
    "radius2",
    "radius3",
    "smoothness1",
    "smoothness2",
    "smoothness3",
    "symmetry1",
    "symmetry2",
    "symmetry3",
    "texture1",
    "texture2",
    "texture3"
  ],
  "num_features_used": 30,
  "feature_importances": {
    "radius3": 18.94484414693849,
    "perimeter3": 15.597550255568546,
    "area2": 12.46098096219786,
    "area1": 11.992457486242365,
    "texture3": 10.019047386042683,
    "radius1": 9.463140603857001,
    "concave_points3": 9.321273472481153,
    "area3": 9.27016557696736,
    "compactness1": 8.98737490896299,
    "concavity3": 8.827770199618023,
    "symmetry1": 8.364194483884653,
    "concavity1": 7.899071039495383,
    "compactness3": 6.285634302506673,
    "smoothness1": 6.267224097934049,
    "concave_points1": 6.253623771688796,
    "fractal_dimension3": 5.903280912216855,
    "perimeter1": 4.685714204730579,
    "symmetry3": 4.145692052878199,
    "texture1": 3.5732285798452854,
    "fractal_dimension2": 3.314288014477991
  },
  "num_rules": 1814
}