{
  "noise_ratio": 0.1,
  "weight_threshold": 0.01,
  "test_accuracy": 0.9649122807017544,
  "train_accuracy": 1.0,
  "features_used": [
    "area1",
    "area2",
    "area3",
    "compactness1",
    "compactness2",
    "compactness3",
    "concave_points1",
    "concave_points2",
    "concave_points3",
    "concavity1",
    "concavity2",
    "concavity3",
    "fractal_dimension1",
    "fractal_dimension2",
    "fractal_dimension3",
    "perimeter1",
    "perimeter2",
    "perimeter3",
    "radius1",
    "radius2",
    "radius3",
    "smoothness1",
    "smoothness2",
    "smoothness3",
    "symmetry1",
    "symmetry2",
    "symmetry3",
    "texture1",
    "texture2",
    "texture3"
  ],
  "num_features_used": 30,
  "feature_importances": {
    "concave_points3": 13.602241618774455,
    "perimeter3": 12.943776840443695,
    "texture3": 10.745928768256029,
    "concave_points1": 10.619657371478686,
    "radius3": 8.150640067271937,
    "area3": 8.028546490371417,
    "symmetry3": 7.989391772531322,
    "texture1": 6.678369502355452,
    "concavity1": 6.113275722215613,
    "smoothness3": 5.634806967905441,
    "area1": 4.330139443332346,
    "area2": 3.464996405531271,
    "fractal_dimension2": 2.8664592522278554,
    "fractal_dimension3": 2.7769561201768562,
    "perimeter2": 2.2930647550795715,
    "concavity3": 2.243706680271584,
    "radius1": 2.0685347622821717,
    "perimeter1": 2.0409363508824074,
    "symmetry2": 2.0081955715179505,
    "texture2": 1.952066348656036
  },
  "num_rules": 1801
}