{
  "noise_ratio": 0.0,
  "weight_threshold": 0.01,
  "test_accuracy": 0.9649122807017544,
  "train_accuracy": 1.0,
  "features_used": [
    "area1",
    "area2",
    "area3",
    "compactness1",
    "compactness2",
    "compactness3",
    "concave_points1",
    "concave_points2",
    "concave_points3",
    "concavity1",
    "concavity2",
    "concavity3",
    "fractal_dimension1",
    "fractal_dimension2",
    "fractal_dimension3",
    "perimeter1",
    "perimeter2",
    "perimeter3",
    "radius1",
    "radius2",
    "radius3",
    "smoothness1",
    "smoothness2",
    "smoothness3",
    "symmetry1",
    "symmetry2",
    "symmetry3",
    "texture1",
    "texture2",
    "texture3"
  ],
  "num_features_used": 30,
  "feature_importances": {
    "concave_points3": 15.161997858033521,
    "texture3": 11.217271885144147,
    "concave_points1": 8.966965340974214,
    "area3": 8.571249936505488,
    "perimeter3": 8.146929201630076,
    "texture1": 7.54277204400862,
    "area2": 5.848172708999757,
    "concavity3": 5.250311975036005,
    "radius3": 4.946279379913243,
    "smoothness3": 3.8962805359768704,
    "symmetry3": 3.1201283831244346,
    "fractal_dimension2": 2.8104435297706423,
    "concavity2": 2.5567254925415406,
    "perimeter1": 2.488454352480647,
    "texture2": 2.4052095691464075,
    "fractal_dimension3": 2.247607379823988,
    "compactness1": 2.1644221864346296,
    "compactness2": 2.101431081105106,
    "radius2": 2.0354754564102393,
    "smoothness2": 1.9726976288890619
  },
  "num_rules": 1764
}